Rank	Target sequence	Genomic location	Strand	GC content (%)	Self-complementarity	MM0	MM1	MM2	MM3	Efficiency
1	ATTCCTCTGAAAGAACCAGGAGG	chrX:1323246	-	45	1	0	0	0	0	77.39
2	ATAAGAGTGCTTATCTACCGCGG	chrX:1329039	+	40	0	0	0	0	0	76.00
3	CGAATAAAGATCCATTCCAGCGG	chrX:1327877	-	40	0	0	0	0	0	74.66
4	AGTCTCAGCTCGGATCACAGTGG	chrX:1328224	+	55	1	0	0	0	0	75.52
5	TCACCAGGGACAGAACCAAGAGG	chrX:1322910	+	55	1	0	0	0	0	75.00
6	GATTAGAGCATTCAACATGGAGG	chrX:1323465	+	40	0	0	0	0	0	72.48
7	GGGTGGACATAAGACTGCAACGG	chrX:1323274	-	50	0	0	0	0	0	72.25
8	GCGATCTGTTCCCAGCATGGCGG	chrX:1323308	-	60	0	0	0	0	0	72.11
9	GAGTCTCTGTATCTAGACGCCGG	chrX:1328435	-	50	1	0	0	0	0	72.70
10	CTAGTCTTCAAGCAGCAGCGTGG	chrX:1326699	+	55	1	0	0	0	0	72.57
11	CACCTGCATTTGGATCCCAGCGG	chrX:1326563	-	55	0	0	0	0	0	71.56
12	GCAGGTGGCTTTGTGCACCGGGG	chrX:1326579	+	65	1	0	0	0	0	72.54
13	TCGAATCTGAGTCAACTGGGAGG	chrX:1325574	+	50	0	0	0	0	0	71.35
14	TAATGGTTACAATCTACCAGAGG	chrX:1327235	+	35	1	0	0	0	0	71.56
15	AAAGGAGCTAGAACGCCTAGTGG	chrX:1326620	+	50	3	0	0	0	0	73.31
16	TGGCCATTCTCGATACAGGGAGG	chrX:1323605	+	55	0	0	0	0	0	70.20
17	GCACTCGACATCGCAGACCGTGG	chrX:1323054	+	65	0	0	0	0	0	69.72
18	AACACGTGACTCCAGCAGAGTGG	chrX:1325293	-	55	1	0	0	0	0	70.47
19	TGAGCACATGGAACTATCAGCGG	chrX:1328096	+	45	0	0	0	0	0	69.14
20	ACAGCTAAGCGATCCCCTAGAGG	chrX:1327166	+	55	0	0	0	0	0	68.89
21	ACCGTCTGTTGGTGTCACCACGG	chrX:1328851	-	55	2	0	0	0	0	70.46
22	TTTGCTTTGGAGGCACCCGGGGG	chrX:1327806	+	60	0	0	0	0	0	68.40
23	TTTTGTATGATTCTGCACCGTGG	chrX:1324665	-	40	1	0	0	0	0	69.34
24	GCTCAACTACAGCATGCCGACGG	chrX:1323156	+	55	0	0	0	0	0	67.31
25	TAATAGCCAGTGCCCCACCGCGG	chrX:1322608	+	60	2	0	0	0	0	69.22
26	TGTACAGGAAGCCAATGTGGTGG	chrX:1323027	+	50	1	0	0	0	0	68.09
27	TGGTTCGCCTGCACACCCTGGGG	chrX:1325991	-	65	0	0	0	0	0	67.01
28	ACCGTGGTGACACCAACAGACGG	chrX:1328850	+	55	2	0	0	0	0	68.73
29	AGTTGAAAACACCTTGAACAAGG	chrX:1325765	+	35	1	0	0	0	0	67.49
30	CAAGATTAGAGCATTCAACATGG	chrX:1323462	+	35	0	0	0	0	0	66.41
31	ATCGCAGATAATCAGCTCAGTGG	chrX:1325505	+	45	0	0	0	0	0	66.13
32	CGTCACTTTCTACGAAGTGGTGG	chrX:1329215	+	50	1	0	0	0	0	67.12
33	CATGTTGGATCAGGATCGTGAGG	chrX:1324041	+	50	1	0	0	0	0	66.89
34	TCGCCAGGAGATTCAGCAGGCGG	chrX:1322883	+	60	0	0	0	0	0	65.79
35	ACTTTGGAGGTCTTTCCAAGCGG	chrX:1322821	-	45	2	0	0	0	0	67.66
36	TGGTCTAAACATAAGCGATGTGG	chrX:1327430	+	40	0	0	0	0	0	65.49
37	AAAGCTCTGGAACACGACGATGG	chrX:1322682	+	50	0	0	0	0	0	65.48
38	TGCACGTAGACCAGGATCTGCGG	chrX:1323793	-	55	0	0	0	0	0	65.43
39	AATAAGTACATGGCTCCGGGTGG	chrX:1329171	-	50	2	0	0	0	0	67.31
40	CGAATCTGAGTCAACTGGGAGGG	chrX:1325575	+	50	0	0	0	0	0	64.84
41	AACCCTTCCACGAACTTCAGAGG	chrX:1326157	+	50	1	0	0	0	0	65.79
42	AGAAGGGTGCATATGCAGGAAGG	chrX:1323337	+	50	1	0	0	0	0	65.68
43	AAACGCTTCCATTGGCCTGGAGG	chrX:1323198	-	55	1	0	0	0	0	65.64
44	ACTCCAGAAAATCCTCCACAAGG	chrX:1328387	-	45	1	0	0	0	0	65.57
45	TATCTTCTGATCAACGAGCGAGG	chrX:1327836	+	45	1	0	0	0	0	65.28
46	ATTCGACGAGCACCTTGTGGAGG	chrX:1328375	+	55	1	0	0	0	0	65.21
47	CAGCGTGGCATACACTTGCATGG	chrX:1326714	+	55	0	0	0	0	0	64.17
48	TGGAAAGACCTCCAAAGTGGTGG	chrX:1322826	+	50	1	0	0	0	0	65.06
49	CTTACAAGGTCCAGAAGCTGCGG	chrX:1327732	+	50	0	0	0	0	0	63.95
50	GGGCATGTCCAACAAACCGAAGG	chrX:1325723	-	55	2	0	0	0	0	65.59
51	AGCCGGGCGTAAAGAAGTCGGGG	chrX:1328826	-	60	1	0	0	0	0	64.57
52	GCGGCGGCTGATTCGTCGAGCGG	chrX:1324092	-	70	1	0	0	0	0	64.44
53	AGTGACGCCGGCCACCTCGGGGG	chrX:1323722	-	75	0	0	0	0	0	63.44
54	AACCACTGCCAATAAGTACATGG	chrX:1329181	-	40	0	0	0	0	0	63.39
55	AGCTGCTTCAAGATCTGGTGTGG	chrX:1324745	+	50	0	0	0	0	0	63.39
56	ATTAGAGCATTCAACATGGAGGG	chrX:1323466	+	35	0	0	0	0	0	63.37
57	TTAATCTACGTGGATTCGCAGGG	chrX:1326828	+	40	0	0	0	0	0	63.35
58	GGGAAAGAGTCCTCTTACGACGG	chrX:1325625	+	50	1	0	0	0	0	64.33
59	TCTCGCAATGGGTTAATCTGAGG	chrX:1327332	-	45	0	0	0	0	0	63.30
60	AGAAGATAACTAATGCCCCCGGG	chrX:1327821	-	45	0	0	0	0	0	63.15
61	TCTTCCACTGCCAAACACGCCGG	chrX:1328456	+	55	0	0	0	0	0	63.09
62	GGCCATTCTCGATACAGGGAGGG	chrX:1323606	+	55	0	0	0	0	0	63.08
63	TGTGATTTGCTACGAGAGCGAGG	chrX:1323498	-	50	1	0	0	0	0	64.04
64	CAGCAGGCGGTGGCTCACCAGGG	chrX:1322896	+	70	1	0	0	0	0	63.97
65	GGAGGAAGCTTATGGGCAAGAGG	chrX:1327569	+	55	0	0	0	0	0	62.93
66	TGAGAGTAATGACATCATGCGGG	chrX:1325098	-	40	0	0	0	0	0	62.92
67	CCAACAAGTTGCTGCCCCCGAGG	chrX:1323708	+	65	1	0	0	0	0	63.81
68	CAAGAGCTTATTCTTCCCCAGGG	chrX:1325976	+	45	0	0	0	0	0	62.79
69	ACGCTGCTAGCATTTATGGAGGG	chrX:1329006	+	45	2	0	0	0	0	64.54
70	ACATTCACTGCTCGTCCTGGAGG	chrX:1323945	+	55	0	0	0	0	0	62.52
71	CTGAGAGTAATGACATCATGCGG	chrX:1325099	-	40	0	0	0	0	0	62.49
72	CCAGGGAAGGCAGTTTGAGGAGG	chrX:1325258	+	60	0	0	0	0	0	62.24
73	GGGAGCAGCAGGAAATAAGCGGG	chrX:1327594	+	55	0	0	0	0	0	62.20
74	TTTTGTCACCGGACCCCTGGAGG	chrX:1327391	+	60	2	0	0	0	0	64.17
75	CGTCTCTGTAGCTGCGCACGGGG	chrX:1323882	-	65	0	0	0	0	0	62.04
76	GACCGACCAAAAGGCCGAGGTGG	chrX:1322636	+	65	0	0	0	0	0	61.95
77	TCTTTACGCCCGGCTGACCGTGG	chrX:1328834	+	65	0	0	0	0	0	61.82
78	GCAACTCTTCAATGCGACCCAGG	chrX:1323135	-	55	0	0	0	0	0	61.80
79	ATAAAGATCCATTCCAGCGGTGG	chrX:1327874	-	45	0	0	0	0	0	61.74
80	CTGGCGCGTAAAGAAACTGCAGG	chrX:1327619	+	55	0	0	0	0	0	61.70
81	GCGCACGAGGTGCTGATCGAGGG	chrX:1326330	+	65	1	0	0	0	0	62.68
82	GTCACTGCCTTCCAAATGGGCGG	chrX:1323739	+	55	2	0	0	0	0	63.64
83	AGTACATCTTCGAAAATGACCGG	chrX:1324868	-	35	0	0	0	0	0	61.53
84	TCCCTGTATCGAGAATGGCCAGG	chrX:1323603	-	55	0	0	0	0	0	61.51
85	GTACCCGCAACGATGTCAGATGG	chrX:1328975	-	55	0	0	0	0	0	61.40
86	CAAAGATGCGTCCCTGAATGCGG	chrX:1326470	-	50	1	0	0	0	0	62.34
87	CGATCCGGAGCCTTCAAGAGCGG	chrX:1327902	+	60	4	0	0	0	0	65.25
88	AGTGTCCACGTCCCGTCAGGAGG	chrX:1322991	+	65	0	0	0	0	0	61.23
89	GACATGCCCCAAATTTCACCCGG	chrX:1325737	+	50	0	0	0	0	0	61.10
90	CATTTGGAAGGCAGTGACGCCGG	chrX:1323734	-	55	2	0	0	0	0	63.09
91	TACATGTAGAGGGAGTAAGTGGG	chrX:1324796	+	40	0	0	0	0	0	61.04
92	CAACTTGGATGCGACCCTGAAGG	chrX:1326083	-	55	1	0	0	0	0	62.03
93	GCCCCATAGGCAGTACCACAAGG	chrX:1324012	-	60	2	0	0	0	0	62.97
94	TTCCTGGGCACCACAACCAGCGG	chrX:1324111	-	60	1	0	0	0	0	61.80
95	CAGTGACGCCGGCCACCTCGGGG	chrX:1323723	-	75	0	0	0	0	0	60.64
96	GAGCTACCGGGAGTTCTGCGAGG	chrX:1327688	+	65	0	0	0	0	0	60.59
97	GCTCTTTCAAACGCTAGCAGGGG	chrX:1328939	+	50	3	0	0	0	0	63.54
98	GAAGCTCTGCTGAAAGCAAGAGG	chrX:1322944	+	50	1	0	0	0	0	61.44
99	CCTATTCGACGAGCACCTTGTGG	chrX:1328372	+	55	1	0	0	0	0	61.40
100	GTTCCAATTGCTGAACATTGAGG	chrX:1324608	-	40	0	0	0	0	0	60.32
101	AGCTACCGGGAGTTCTGCGAGGG	chrX:1327689	+	60	0	0	0	0	0	60.13
102	GTATTCTACAGGAGCAACCTAGG	chrX:1325929	+	45	0	0	0	0	0	59.89
103	CGAGGAGCTATCAACTCCACTGG	chrX:1324305	+	55	1	0	0	0	0	60.85
104	CAGATCCTGGTCTACGTGCAGGG	chrX:1323796	+	55	0	0	0	0	0	59.81
105	ATATACGCCTGCACTTCGAAGGG	chrX:1323667	+	45	1	0	0	0	0	60.80
106	GCTCTTGGCAGTGGGTCAGTGGG	chrX:1323633	+	60	0	0	0	0	0	59.77
107	ACTTTAGTCGTCTGATGGCAGGG	chrX:1325845	+	45	0	0	0	0	0	59.73
108	CTGATCAAAGAGTTCCTGAACGG	chrX:1326676	-	40	1	0	0	0	0	60.68
109	AACTGTACAGGAAGCCAATGTGG	chrX:1323024	+	45	1	0	0	0	0	60.62
110	GGAGACTATCTCTGGTCGCAGGG	chrX:1324925	+	55	2	0	0	0	0	61.59
111	TGAACTGTCGGATCTCCAGCAGG	chrX:1324200	-	55	0	0	0	0	0	59.53
112	TGTATCGAGAATGGCCAGGTTGG	chrX:1323599	-	50	0	0	0	0	0	59.36
113	GTGCAGGCGAACCAGCTGCAGGG	chrX:1326000	+	65	2	0	0	0	0	61.32
114	CACGCCATCTGACATCGTTGCGG	chrX:1328971	+	55	0	0	0	0	0	59.31
115	GCCGATTGAGAGGTAAGCGTAGG	chrX:1329149	-	55	0	0	0	0	0	59.31
116	GGAGCAACCTAGGACTTGGTCGG	chrX:1325939	+	55	3	0	0	0	0	62.28
117	GACGCTGCTAGCATTTATGGAGG	chrX:1329005	+	50	2	0	0	0	0	61.24
118	GTCCCCGACTTCTTTACGCCCGG	chrX:1328824	+	60	1	0	0	0	0	60.19
119	AGCCTTCAAGAGCGGACCTGTGG	chrX:1327910	+	60	5	0	0	0	0	64.15
120	GACAGCTTTGGCTCTCTGCTAGG	chrX:1325388	+	55	0	0	0	0	0	59.06
121	CCTAGAGAATTTAATCTACGTGG	chrX:1326818	+	35	1	0	0	0	0	60.05
122	GGGTTCCCAGATGCAAGTCAAGG	chrX:1324587	-	55	2	0	0	0	0	61.02
123	GGTGCTGGGAGCAACTGTACAGG	chrX:1323012	+	60	1	0	0	0	0	60.01
124	ACAAGTTGCTGCCCCCGAGGTGG	chrX:1323711	+	65	0	0	0	0	0	58.94
125	TCTGCGATATGAGCATCCACTGG	chrX:1325490	-	50	0	0	0	0	0	58.87
126	TCTCGCAACTCCTGCAACGTGGG	chrX:1328517	-	55	0	0	0	0	0	58.86
127	TTACATGTAGAGGGAGTAAGTGG	chrX:1324795	+	40	0	0	0	0	0	58.76
128	CTGTCCGAATAGGAGGCAGCAGG	chrX:1328721	-	60	1	0	0	0	0	59.74
129	ACGGATGCAATGTGAGCCAGTGG	chrX:1326946	+	55	3	0	0	0	0	61.60
130	TTGGAGCTCGTCCCAGTCCACGG	chrX:1324648	+	60	1	0	0	0	0	59.34
131	CGACCCTGAAGGATCAGCAACGG	chrX:1326072	-	55	2	0	0	0	0	60.34
132	ACTTCACCCGACCAAGTCCTAGG	chrX:1325946	-	55	3	0	0	0	0	61.27
133	CGTTCCAAACCAAAACCTCCAGG	chrX:1323960	-	50	0	0	0	0	0	58.23
134	TAGCCGATCCCAGCCAGGAGTGG	chrX:1322760	+	65	3	0	0	0	0	61.21
135	TAGGCAGTACCACAAGGAGGCGG	chrX:1324006	-	55	2	0	0	0	0	60.15
136	CGTCTATGATTTGGAAGCGGAGG	chrX:1323534	+	50	0	0	0	0	0	57.98
137	GCTCCTAGATGGCCAGCTGGTGG	chrX:1327199	+	65	1	0	0	0	0	58.95
138	TGAATTCCTCTGAAAGAACCAGG	chrX:1323249	-	40	0	0	0	0	0	57.93
139	AACTCCACTGGTTGTAAGCGAGG	chrX:1324317	+	50	0	0	0	0	0	57.88
140	GTTGAACGCATCGCCGTCAACGG	chrX:1326102	+	55	1	0	0	0	0	58.88
141	CAGCAGATACTTCTGTTGGACGG	chrX:1324420	+	45	1	0	0	0	0	58.79
142	AGAAGCTAAGAGCGGAGATGGGG	chrX:1329107	+	50	1	0	0	0	0	58.62
143	GCATTATTCCACCCAGCGCAAGG	chrX:1323771	-	55	1	0	0	0	0	58.46
144	TAGCCGGATTACTAGAGCCGTGG	chrX:1329238	+	55	5	0	0	0	0	62.33
145	AAAGAGCACTACTGAGCACATGG	chrX:1328084	+	45	0	0	0	0	0	57.31
146	CTGTCGAATCTGAGTCAACTGGG	chrX:1325571	+	45	0	0	0	0	0	57.31
147	TGCAGAGTGTCGAAATATAGCGG	chrX:1327488	-	40	0	0	0	0	0	57.21
148	ACCCAGGACGAGCATGTCGCGGG	chrX:1323119	-	65	0	0	0	0	0	57.03
149	GCAGCTCTCCCGACAGTACAAGG	chrX:1326920	-	60	1	0	0	0	0	57.99
150	GCAAATGCTGTGGACACGACGGG	chrX:1325057	+	55	1	0	0	0	0	57.86
151	CTTGGAATTCCGGTTGCAAGCGG	chrX:1328312	+	50	1	0	0	0	0	57.82
152	TTGCTCCCAGCACCTCCTGACGG	chrX:1323003	-	60	0	0	0	0	0	56.71
153	CGAGGCAGTTGCTTTACGGGTGG	chrX:1327934	+	60	1	0	0	0	0	57.60
154	CCTATCACCAAGCAGCTCAATGG	chrX:1325229	+	50	0	0	0	0	0	56.60
155	GACTTTAGGGCTTGGTACGGAGG	chrX:1327551	+	55	1	0	0	0	0	57.55
156	ACGCGTCACTTTCTACGAAGTGG	chrX:1329212	+	50	0	0	0	0	0	56.53
157	CAACGTGGGCCAGATGAGCTGGG	chrX:1328503	-	60	1	0	0	0	0	57.52
158	GAGTGTTGTCCAGGCGCCAAAGG	chrX:1324957	+	60	0	0	0	0	0	56.49
159	GTTAAGTTCCACAGAGTCAACGG	chrX:1324520	-	40	1	0	0	0	0	57.46
160	GGCTAGGAATTCGGAGACACAGG	chrX:1324176	+	55	2	0	0	0	0	58.25
161	CGCTTGCAACCGGAATTCCAAGG	chrX:1328311	-	55	1	0	0	0	0	57.16
162	ACACGTGACTCCAGCAGAGTGGG	chrX:1325292	-	55	1	0	0	0	0	57.14
163	GCTCCGGGTGGCCGATTGAGAGG	chrX:1329159	-	70	0	0	0	0	0	56.13
164	TCTTCTGCAGTTTGTCGACGTGG	chrX:1327665	-	50	0	0	0	0	0	56.01
165	CCACGTGGACCCAGCAGGCGGGG	chrX:1322792	+	75	1	0	0	0	0	56.98
166	TAGCTTCTTGGGCAGGTGCGGGG	chrX:1329092	-	60	0	0	0	0	0	55.85
167	GGGCCTCCTGGTTCTTTCAGAGG	chrX:1323243	+	60	1	0	0	0	0	56.74
168	GCAGATACTTCTGTTGGACGGGG	chrX:1324422	+	50	2	0	0	0	0	57.71
169	CCTGACCGACCAAAAGGCCGAGG	chrX:1322633	+	65	0	0	0	0	0	55.66
170	TTGTAGCCGGGTGAAATTTGGGG	chrX:1325743	-	45	0	0	0	0	0	55.47
171	GCGGCTGATTCGTCGAGCGGCGG	chrX:1324089	-	70	0	0	0	0	0	55.42
172	TTCGGATATAGAACGTCTCATGG	chrX:1324557	-	40	0	0	0	0	0	55.39
173	TGGGATTCCCTTCAATCACATGG	chrX:1326410	+	45	2	0	0	0	0	57.28
174	GAGACGTCTGCTGGACACCTTGG	chrX:1328294	+	60	1	0	0	0	0	56.28
175	TCAATGGCAGCGCCCAGGGAAGG	chrX:1325245	+	65	0	0	0	0	0	55.13
176	TAGGCGAACTCCGTCGTAAGAGG	chrX:1325635	-	55	2	0	0	0	0	57.12
177	CAGAAGATAACTAATGCCCCCGG	chrX:1327822	-	45	0	0	0	0	0	55.12
178	GATCGACACGAATAGTGTCCCGG	chrX:1326971	-	50	3	0	0	0	0	58.04
179	CAGAATGCGGAGACGTCTGCTGG	chrX:1328285	+	60	2	0	0	0	0	56.84
180	CACGTTGCAGGAGTTGCGAGAGG	chrX:1328519	+	60	0	0	0	0	0	54.83
181	GCTTCAGCAGATACTTCTGTTGG	chrX:1324416	+	45	1	0	0	0	0	55.70
182	TGCCGCTACCAGAAGTCGACTGG	chrX:1328758	+	60	0	0	0	0	0	54.29
183	CAGTGCCCCTTACCACCAGCTGG	chrX:1327211	-	65	0	0	0	0	0	54.27
184	GGTGTTTTCAACTTGTAGCCGGG	chrX:1325755	-	45	0	0	0	0	0	54.16
185	TATTTGCTTTGGAGGCACCCGGG	chrX:1327804	+	50	0	0	0	0	0	54.16
186	ACGTCCCGTCAGGAGGTGCTGGG	chrX:1322998	+	65	0	0	0	0	0	54.12
187	AAACTGCAGAAGAGAGCTACCGG	chrX:1327675	+	45	0	0	0	0	0	54.09
188	AGGGAACTGCTCTTGGCAGTGGG	chrX:1323625	+	55	2	0	0	0	0	55.98
189	TCTGATGGCAGGGCAAGCGCAGG	chrX:1325855	+	65	0	0	0	0	0	53.98
190	TTAACTCACCATTAAAGTGTTGG	chrX:1327264	-	30	0	0	0	0	0	53.97
191	CGTTAATGAAGCTCGCTGGACGG	chrX:1324362	+	50	0	0	0	0	0	53.96
192	TTAGCTGTTGCTCCGTGAAGCGG	chrX:1327151	-	50	2	0	0	0	0	55.84
193	TCAAACACTTCGCCTCGCTGTGG	chrX:1328789	+	55	1	0	0	0	0	54.81
194	GAGCAACCTAGGACTTGGTCGGG	chrX:1325940	+	55	3	0	0	0	0	56.71
195	TGGTCATAAAGGCAAAGTCCTGG	chrX:1327973	-	45	4	0	0	0	0	57.68
196	CTACAGCATGCCGACGGATGTGG	chrX:1323162	+	60	2	0	0	0	0	55.65
197	GCGTGTGTGGGGAGAACTCAGGG	chrX:1325701	-	60	0	0	0	0	0	53.57
198	GAACAGATCGCTGGAACAGAAGG	chrX:1323320	+	50	0	0	0	0	0	53.45
199	AGCTAACTTTAGTCGTCTGATGG	chrX:1325840	+	40	0	0	0	0	0	53.34
200	CTCCAGTCGACTTCTGGTAGCGG	chrX:1328760	-	55	1	0	0	0	0	54.31
201	GAGGCAGTTGCTTTACGGGTGGG	chrX:1327935	+	55	1	0	0	0	0	54.22
202	AAAGACCTCCAAAGTGGTGGTGG	chrX:1322829	+	50	0	0	0	0	0	53.19
203	AATCTTTGTCATTCTACAGCCGG	chrX:1324849	+	35	0	0	0	0	0	52.97
204	GGGAAACACAAGCTCTAACCAGG	chrX:1327955	+	50	0	0	0	0	0	52.88
205	CTCCGCTGGGATCCAAATGCAGG	chrX:1326561	+	60	0	0	0	0	0	52.77
206	TACAGGAGCAACCTAGGACTTGG	chrX:1325935	+	50	2	0	0	0	0	54.75
207	AACGCTTCCATTGGCCTGGAGGG	chrX:1323197	-	55	1	0	0	0	0	53.75
208	GCTGCGTCCGCCCATTTGGAAGG	chrX:1323746	-	65	3	0	0	0	0	55.65
209	GTGGGCGGAGGACCGTCTGTTGG	chrX:1328862	-	70	1	0	0	0	0	53.51
210	GCTTTCTGGAATACTTAACTGGG	chrX:1328347	-	35	0	0	0	0	0	52.48
211	CACGGCTGCGATTTTTCAAGTGG	chrX:1326650	-	50	0	0	0	0	0	52.47
212	ATGATTCTGCACCGTGGACTGGG	chrX:1324659	-	50	1	0	0	0	0	53.47
213	TTCCCTCCCTGTATCGAGAATGG	chrX:1323608	-	50	0	0	0	0	0	52.46
214	CAACAAACCGAAGGCGTGTGTGG	chrX:1325714	-	55	2	0	0	0	0	54.40
215	AAGCTCACTAATTTACTCACTGG	chrX:1322712	-	35	0	0	0	0	0	52.39
216	CGCCCAGGGAAGGCAGTTTGAGG	chrX:1325255	+	65	0	0	0	0	0	52.37
217	TGCTCCCAGCACCTCCTGACGGG	chrX:1323002	-	65	0	0	0	0	0	52.24
218	GCAGGAAGGTTTGCTGGTGATGG	chrX:1323351	+	55	0	0	0	0	0	52.12
219	GTCGTCTCTGTAGCTGCGCACGG	chrX:1323884	-	60	0	0	0	0	0	52.09
220	TGTATCTAGACGCCGGCGCAAGG	chrX:1328428	-	60	2	0	0	0	0	54.06
221	CTGCTCATTTCTGTCCGAATAGG	chrX:1328731	-	45	2	0	0	0	0	54.02
222	GTGCCTCCAAAGCAAATACTCGG	chrX:1327799	-	45	0	0	0	0	0	51.90
223	GATAGTCTCCTGGAAAGCTTAGG	chrX:1324912	-	45	0	0	0	0	0	51.88
224	CATTCAGGGACGCATCTTTGTGG	chrX:1326473	+	50	1	0	0	0	0	52.83
225	AAGGTGGATAACGACAGCTTTGG	chrX:1325376	+	45	1	0	0	0	0	52.81
226	TGCCTCTGAAGTTCGTGGAAGGG	chrX:1326159	-	50	1	0	0	0	0	52.78
227	TCCTTGTGGTACTGCCTATGGGG	chrX:1324011	+	50	2	0	0	0	0	53.75
228	CAGCTCAATGGCAGCGCCCAGGG	chrX:1325241	+	65	0	0	0	0	0	51.73
229	GGCCGTCTTCGCATTGAAGATGG	chrX:1326753	+	55	1	0	0	0	0	52.68
230	GCTCCTGTAGAATACGGATCAGG	chrX:1325921	-	50	1	0	0	0	0	52.64
231	GACATCGCAGACCGTGGACCTGG	chrX:1323060	+	65	1	0	0	0	0	52.58
232	TGGTGTCACCACGGTCAGCCGGG	chrX:1328842	-	65	0	0	0	0	0	51.46
233	CATTACTCTCAGTGATTCCCAGG	chrX:1325110	+	45	0	0	0	0	0	51.31
234	ACGCCATCTGACATCGTTGCGGG	chrX:1328972	+	55	0	0	0	0	0	51.20
235	GGCAGAGACGATCTCCAACCTGG	chrX:1323585	+	60	1	0	0	0	0	52.18
236	TCCATTCCAGCGGTGGATGCGGG	chrX:1327867	-	60	1	0	0	0	0	52.15
237	GCAAGAGCTTATTCTTCCCCAGG	chrX:1325975	+	50	0	0	0	0	0	51.11
238	GAACAGAAGGGTGCATATGCAGG	chrX:1323333	+	50	0	0	0	0	0	51.03
239	TAGGTTGCTCCTGTAGAATACGG	chrX:1325927	-	40	0	0	0	0	0	50.89
240	GCTGACCCTGCACGTAGACCAGG	chrX:1323801	-	65	1	0	0	0	0	51.74
241	TGCGACCAGAGATAGTCTCCTGG	chrX:1324922	-	55	3	0	0	0	0	53.73
242	GCCAATTGCGAACCTTGCGCCGG	chrX:1328416	+	60	1	0	0	0	0	51.64
243	TGGTAACTGGGATTAGGGAGTGG	chrX:1328166	-	50	0	0	0	0	0	50.62
244	TATTCTTCCCCAGGGTGTGCAGG	chrX:1325984	+	55	0	0	0	0	0	50.57
245	GGCTCCCTTGACTTGCATCTGGG	chrX:1324582	+	55	2	0	0	0	0	52.54
246	AAAGCAACTGCCTCGTCCACAGG	chrX:1327926	-	55	1	0	0	0	0	51.51
247	CTCCATCTTCAATGCGAAGACGG	chrX:1326755	-	45	1	0	0	0	0	51.43
248	GGCCACCTCGGCCTTTTGGTCGG	chrX:1322638	-	65	0	0	0	0	0	50.42
249	GCTGTCGAATCTGAGTCAACTGG	chrX:1325570	+	50	0	0	0	0	0	50.33
250	CAAACGCTAGCAGGGGAGCATGG	chrX:1328946	+	60	3	0	0	0	0	53.29
251	AACTATGATGTCTCTGGCAACGG	chrX:1325880	+	40	0	0	0	0	0	50.20
252	TATTCGCCGAGTATTTGCTTTGG	chrX:1327793	+	40	0	0	0	0	0	50.20
253	AAGCTTATGGGCAAGAGGTCGGG	chrX:1327574	+	50	0	0	0	0	0	50.19
254	GGATCGCTGGCTGACCCTCCAGG	chrX:1323183	+	70	0	0	0	0	0	50.17
255	AGTTCTGCGAGGGTTTGGTCAGG	chrX:1327699	+	55	0	0	0	0	0	50.11
256	CGACTTGCCTCTGAAGTTCGTGG	chrX:1326164	-	55	0	0	0	0	0	50.08
257	CGCAGCTACCTTGCGCTGGGTGG	chrX:1323763	+	70	3	0	0	0	0	53.07
258	TTTGACTTTAGGGCTTGGTACGG	chrX:1327548	+	40	1	0	0	0	0	51.03
259	GATTTGATTTAAATCAGGAAAGG	chrX:1327759	+	25	0	0	0	0	0	49.99
260	GAAGCTTATGGGCAAGAGGTCGG	chrX:1327573	+	50	0	0	0	0	0	49.90
261	TACAGGGAGGGAACTGCTCTTGG	chrX:1323618	+	55	0	0	0	0	0	49.90
262	TTCCCAGGAATGGCCGGGATTGG	chrX:1325125	+	60	2	0	0	0	0	51.87
263	GTGCAGCGGAGATAATTTGTTGG	chrX:1326433	-	45	0	0	0	0	0	49.85
264	TCAGAGGCAAGTCGTTTGGCTGG	chrX:1326173	+	55	0	0	0	0	0	49.81
265	CATGGTCACAAGACTTTCACAGG	chrX:1326732	+	45	1	0	0	0	0	50.81
266	CAGGTTAACTATGATGTCTCTGG	chrX:1325874	+	40	0	0	0	0	0	49.78
267	GCTGCGCTCCGACGCGCACGAGG	chrX:1326317	+	80	2	0	0	0	0	51.74
268	CTCATTTCTGTCCGAATAGGAGG	chrX:1328728	-	45	2	0	0	0	0	51.74
269	TTGTCTAACATTTTTGTCACCGG	chrX:1327380	+	30	0	0	0	0	0	49.72
270	CTATGGGGCGGGCTGCATGTTGG	chrX:1324026	+	65	0	0	0	0	0	49.68
271	CACACATTCACTGCTCGTCCTGG	chrX:1323942	+	55	0	0	0	0	0	49.67
272	AGCAGTTACCTCCAGGGGTCCGG	chrX:1327399	-	60	2	0	0	0	0	51.63
273	GCGAGGCGAAGTGTTTGAATGGG	chrX:1328784	-	50	0	0	0	0	0	49.63
274	ATCATCCTGCAACTCGTAGCTGG	chrX:1327993	-	50	0	0	0	0	0	49.63
275	GAATAGTGTCCCGGAGCCACTGG	chrX:1326962	-	60	2	0	0	0	0	51.58
276	GTTAATGAAGCTCGCTGGACGGG	chrX:1324363	+	50	0	0	0	0	0	49.38
277	AGGTCCGCTCTTGAAGGCTCCGG	chrX:1327906	-	60	4	0	0	0	0	53.18
278	TAACGAAGTTAATCTCTCACTGG	chrX:1327121	+	35	1	0	0	0	0	50.14
279	TTCTACGAAGTGGTGGTAGCCGG	chrX:1329222	+	50	1	0	0	0	0	50.04
280	TCCGAGCTGAGACTTGATGCTGG	chrX:1328215	-	55	0	0	0	0	0	49.00
281	ACCTTAAAGGAGAGCTTCAAGGG	chrX:1328677	+	40	1	0	0	0	0	49.96
282	GGCGTGTGTGGGGAGAACTCAGG	chrX:1325702	-	65	0	0	0	0	0	48.81
283	CAGTGATTCCCAGGAATGGCCGG	chrX:1325119	+	55	1	0	0	0	0	49.67
284	GGAGCAAATCATCTGCCTCTAGG	chrX:1327181	-	50	1	0	0	0	0	49.59
285	AGTGAGTAAATTAGTGAGCTTGG	chrX:1322714	+	35	0	0	0	0	0	48.37
286	TGTAACTGCGAAAGCTTAAGAGG	chrX:1324777	-	40	0	0	0	0	0	48.37
287	CAACTCGTAGCTGGTCATAAAGG	chrX:1327984	-	45	1	0	0	0	0	49.23
288	GGTAGATAAGCACTCTTATACGG	chrX:1329035	-	35	0	0	0	0	0	48.23
289	CAATGTCATCCAGCAATTCTGGG	chrX:1326293	-	40	1	0	0	0	0	49.23
290	GAGCCACGGCTCTAGTAATCCGG	chrX:1329241	-	55	3	0	0	0	0	51.11
291	TTGGATCAGGATCGTGAGGCTGG	chrX:1324045	+	55	1	0	0	0	0	49.10
292	CTTAGCTTCTTGGGCAGGTGCGG	chrX:1329094	-	55	0	0	0	0	0	47.91
293	GCCAATAAGTACATGGCTCCGGG	chrX:1329174	-	50	2	0	0	0	0	49.91
294	ATCCCAGCCAGGAGTGGTGGTGG	chrX:1322766	+	65	1	0	0	0	0	48.86
295	GGCTAAAACCCATCTGGCACTGG	chrX:1323419	+	55	0	0	0	0	0	47.86
296	GCATATGCAGGAAGGTTTGCTGG	chrX:1323345	+	50	0	0	0	0	0	47.80
297	ATGCGGGTATACGGCGTTGATGG	chrX:1325082	-	55	1	0	0	0	0	48.71
298	GAACTGGAGCAGTTACCTCCAGG	chrX:1327406	-	55	3	0	0	0	0	50.68
299	TTACTTGACCATTTAGCTGCAGG	chrX:1326500	-	40	0	0	0	0	0	47.65
300	CTCTCAGTGATTCCCAGGAATGG	chrX:1325115	+	50	1	0	0	0	0	48.64
301	GCCGGCGCAAGGTTCGCAATTGG	chrX:1328417	-	65	1	0	0	0	0	48.59
302	TCCTACGGGCATTTTTGTGCTGG	chrX:1324140	+	50	1	0	0	0	0	48.47
303	CTCCTCAAACTGCCTTCCCTGGG	chrX:1325257	-	55	0	0	0	0	0	47.44
304	TTCGAACAGCTTCTTGTGCGTGG	chrX:1325334	+	50	0	0	0	0	0	47.39
305	GAACGAATTAGGGACGCGTTGGG	chrX:1326203	+	50	2	0	0	0	0	49.30
306	CAAGAGCGGACCTGTGGACGAGG	chrX:1327916	+	65	3	0	0	0	0	50.24
307	GGCGCAGTGGAGGGCGTGGTGGG	chrX:1328880	-	75	0	0	0	0	0	47.22
308	TGGTCAAGTAAACGGAGATCCGG	chrX:1326512	+	45	3	0	0	0	0	50.19
309	CCCACGTGGACCCAGCAGGCGGG	chrX:1322791	+	75	1	0	0	0	0	48.01
310	GTTGCTGCCCCCGAGGTGGCCGG	chrX:1323715	+	75	0	0	0	0	0	46.97
311	TAAACATGAACTGAGTCCTTCGG	chrX:1328255	+	35	0	0	0	0	0	46.94
312	TCAGCTTATCTGGCTGCGATTGG	chrX:1323384	+	50	1	0	0	0	0	47.89
313	GCAGATGATTTGCTCCTAGATGG	chrX:1327188	+	45	1	0	0	0	0	47.76
314	CAAGAAGCTAAGAGCGGAGATGG	chrX:1329105	+	50	1	0	0	0	0	47.75
315	ACTGGTTGTCACCCGCTTCACGG	chrX:1327139	+	55	0	0	0	0	0	46.74
316	CATTTTTGTCACCGGACCCCTGG	chrX:1327388	+	55	2	0	0	0	0	48.67
317	CCGCGGTGTGCAGGGATTCGTGG	chrX:1329056	+	70	0	0	0	0	0	46.48
318	GATGGGTTTTAGCCCAAGACTGG	chrX:1323410	-	50	0	0	0	0	0	46.29
319	CATGTTGAATGCTCTAATCTTGG	chrX:1323461	-	35	0	0	0	0	0	46.26
320	ACCCACGTGGACCCAGCAGGCGG	chrX:1322790	+	70	1	0	0	0	0	47.26
321	GGACGCAGCTACCTTGCGCTGGG	chrX:1323760	+	65	3	0	0	0	0	49.20
322	ACTATGATGTCTCTGGCAACGGG	chrX:1325881	+	45	0	0	0	0	0	46.18
323	GCTTTCCAGGAGACTATCTCTGG	chrX:1324917	+	50	2	0	0	0	0	48.15
324	GTCTTGGGCTAAAACCCATCTGG	chrX:1323413	+	50	1	0	0	0	0	47.08
325	TTGCCTCTGAAGTTCGTGGAAGG	chrX:1326160	-	50	1	0	0	0	0	47.07
326	TTTTCGTTAATGAAGCTCGCTGG	chrX:1324358	+	40	0	0	0	0	0	46.00
327	CAGCGCCTCCGCCATTCGCCAGG	chrX:1322868	+	75	1	0	0	0	0	46.98
328	TACCAATCCCGGCCATTCCTGGG	chrX:1325127	-	55	0	0	0	0	0	45.91
329	AAGCCTGATCCGTATTCTACAGG	chrX:1325918	+	45	2	0	0	0	0	47.86
330	TGTTCCCAGCATGGCGGTGATGG	chrX:1323302	-	60	0	0	0	0	0	45.81
331	CCAGCTGGCTGAAGAGCTCTTGG	chrX:1324257	+	60	2	0	0	0	0	47.73
332	GGTCTACAAATCCAAAGTTCTGG	chrX:1323846	-	40	0	0	0	0	0	45.47
333	TTGGTGTCACCACGGTCAGCCGG	chrX:1328843	-	60	0	0	0	0	0	45.45
334	GTTCTCCCCACACACGCCTTCGG	chrX:1325707	+	60	1	0	0	0	0	46.44
335	CCCTACGCTTACCTCTCAATCGG	chrX:1329148	+	50	0	0	0	0	0	45.42
336	GATTCGTCGAGCGGCGGAGCAGG	chrX:1324083	-	70	0	0	0	0	0	45.33
337	CAGCGTTTGTGGCGTGTGCTTGG	chrX:1325551	-	60	0	0	0	0	0	45.28
338	CTGGTTCGCCTGCACACCCTGGG	chrX:1325992	-	65	0	0	0	0	0	45.14
339	ACCCGCATCCACCGCTGGAATGG	chrX:1327866	+	65	1	0	0	0	0	46.10
340	TGCAGATCAGCAGGAATGTCCGG	chrX:1326531	-	50	2	0	0	0	0	47.07
341	AGCAGATACTTCTGTTGGACGGG	chrX:1324421	+	45	1	0	0	0	0	46.07
342	AAATGAGACGAGTGTTGTCCAGG	chrX:1324948	+	45	0	0	0	0	0	45.04
343	CTGCCTTAATGCCCTGCAGCTGG	chrX:1326011	-	60	0	0	0	0	0	45.01
344	TGCTCTTGGCAGTGGGTCAGTGG	chrX:1323632	+	60	0	0	0	0	0	44.92
345	GGAGTATGCCAACACTTTAATGG	chrX:1327256	+	40	0	0	0	0	0	44.86
346	AATTTAACAATCATGGGCACTGG	chrX:1329263	-	35	0	0	0	0	0	44.34
347	TTCGGAGACACAGGACCTGCTGG	chrX:1324185	+	60	3	0	0	0	0	47.29
348	TTGCATGATGCAGTTGGATGTGG	chrX:1328909	-	45	0	0	0	0	0	44.26
349	TGCGAGAAGGTTACCAATCCCGG	chrX:1325138	-	50	1	0	0	0	0	45.04
350	GCGTAAACTCCTTTGGCGCCTGG	chrX:1324966	-	60	0	0	0	0	0	44.01
351	CGGTTGCCCCTTCGAAGTGCAGG	chrX:1323674	-	65	0	0	0	0	0	44.00
352	TTAAAAGCTTGCTGGTAACTGGG	chrX:1328178	-	35	0	0	0	0	0	43.97
353	ACTTTCATCAGCTGGAGCTTGGG	chrX:1325605	+	45	1	0	0	0	0	44.95
354	GACCCTGAAGGATCAGCAACGGG	chrX:1326071	-	55	2	0	0	0	0	45.82
355	CGTTAAAGCTGCCCAGAACTTGG	chrX:1326260	-	50	0	0	0	0	0	43.80
356	CAGCCGGGCGTAAAGAAGTCGGG	chrX:1328827	-	60	1	0	0	0	0	44.56
357	TCCGACAGTTCATGCAGGATTGG	chrX:1324211	+	50	0	0	0	0	0	43.48
358	CTGAGGATGCAAATGAGTAATGG	chrX:1327315	-	40	0	0	0	0	0	43.48
359	AGCAGGAAATAAGCGGGAACTGG	chrX:1327600	+	50	0	0	0	0	0	43.34
360	TCGCCGAGTATTTGCTTTGGAGG	chrX:1327796	+	50	0	0	0	0	0	43.32
361	CAGGATTCTCCTGCCTTACAAGG	chrX:1327718	+	50	4	0	0	0	0	47.31
362	AGAAGTCGGGGACGGTTTGCTGG	chrX:1328814	-	60	0	0	0	0	0	43.23
363	AGCCATGTACTTATTGGCAGTGG	chrX:1329179	+	45	2	0	0	0	0	45.11
364	CTGTCGGGAGAGCTGCTTAACGG	chrX:1326927	+	55	0	0	0	0	0	43.10
365	TGTTTACCTCCGCTTGCAACCGG	chrX:1328321	-	50	1	0	0	0	0	43.98
366	ACCTTTCCAAGCAGCCGCAAAGG	chrX:1325358	-	55	1	0	0	0	0	43.87
367	CAGGCGGGGCAAATGCCGCTTGG	chrX:1322806	+	70	2	0	0	0	0	44.86
368	TTACCAATCCCGGCCATTCCTGG	chrX:1325128	-	55	0	0	0	0	0	42.75
369	GGTAACCTTCTCGCATTTGGAGG	chrX:1325146	+	50	1	0	0	0	0	43.73
370	GGCGGGCTGCATGTTGGATCAGG	chrX:1324032	+	65	0	0	0	0	0	42.68
371	CAGCTAAATGGTCAAGTAAACGG	chrX:1326504	+	35	0	0	0	0	0	42.61
372	CTTGCTGGTAACTGGGATTAGGG	chrX:1328171	-	45	0	0	0	0	0	42.48
373	GGCAAGAGGTCGGGAGCAGCAGG	chrX:1327583	+	70	0	0	0	0	0	42.25
374	GCTGGTTCGCCTGCACACCCTGG	chrX:1325993	-	70	0	0	0	0	0	42.22
375	GCAGTGACGCCGGCCACCTCGGG	chrX:1323724	-	75	0	0	0	0	0	42.17
376	GCAGATACTTAAAAGCTTGCTGG	chrX:1328186	-	40	0	0	0	0	0	42.13
377	TGCTTGCACCGAACCGTTGACGG	chrX:1326115	-	55	3	0	0	0	0	45.13
378	CCGACAGTTCATGCAGGATTGGG	chrX:1324212	+	50	0	0	0	0	0	42.08
379	ACGCATCGCCGTCAACGGTTCGG	chrX:1326107	+	60	3	0	0	0	0	45.05
380	TTTAATCTACGTGGATTCGCAGG	chrX:1326827	+	40	0	0	0	0	0	42.05
381	AGGAGACTATCTCTGGTCGCAGG	chrX:1324924	+	55	2	0	0	0	0	44.00
382	TGAAGCCCATTCTGCTGAGCTGG	chrX:1328047	+	55	1	0	0	0	0	42.97
383	TTACCACCAGCTGGCCATCTAGG	chrX:1327202	-	55	1	0	0	0	0	42.84
384	AACTTCAGAGGCAAGTCGTTTGG	chrX:1326169	+	45	0	0	0	0	0	41.78
385	TTGGAACGGTGAGGCGTTTGAGG	chrX:1323975	+	55	2	0	0	0	0	43.72
386	GCTTATCTACCGCGGTGTGCAGG	chrX:1329047	+	60	0	0	0	0	0	41.68
387	CAGCATTTTTATTAACGAAATGG	chrX:1324713	+	25	1	0	0	0	0	42.65
388	AATGACATCATGCGGGTATACGG	chrX:1325091	-	40	0	0	0	0	0	41.62
389	CTTTCAGCAGAGCTTCCAGCTGG	chrX:1322937	-	55	2	0	0	0	0	43.48
390	TTTACTCACTCTCAGGCTGTTGG	chrX:1327001	-	45	2	0	0	0	0	43.43
391	TATGATTCTGCACCGTGGACTGG	chrX:1324660	-	50	1	0	0	0	0	42.14
392	TCAGCAGGCGGTGGCTCACCAGG	chrX:1322895	+	70	1	0	0	0	0	42.04
393	CTTTCCCATCACCGCCATGCTGG	chrX:1323297	+	60	0	0	0	0	0	40.94
394	AACCTGGCCATTCTCGATACAGG	chrX:1323601	+	50	0	0	0	0	0	40.81
395	CTGTAGCTGCGCACGGGGATTGG	chrX:1323877	-	65	0	0	0	0	0	40.38
396	TGACAGCGGCACCTTGTTCAAGG	chrX:1325776	-	55	2	0	0	0	0	42.32
397	GAGGTAACTGCTCCAGTTCATGG	chrX:1327410	+	50	1	0	0	0	0	41.30
398	AGGTTCCAGCTCAGCAGAATGGG	chrX:1328052	-	50	0	0	0	0	0	39.57
399	TTGGTACGGAGGAAGCTTATGGG	chrX:1327562	+	45	2	0	0	0	0	41.48
400	AGCGTTTGCGTAAACTCCTTTGG	chrX:1324973	-	45	0	0	0	0	0	39.40
401	CGGCATTTGCCCCGCCTGCTGGG	chrX:1322801	-	70	0	0	0	0	0	39.18
402	CTTGGGCAGGTGCGGGGAAACGG	chrX:1329086	-	65	0	0	0	0	0	39.15
403	CTCGGCCTTTTGGTCGGTCAGGG	chrX:1322632	-	60	0	0	0	0	0	39.06
404	TTGATCTTTGAGATTTCTTAGGG	chrX:1328122	-	25	0	0	0	0	0	39.04
405	TCGCTCTTTCAAACGCTAGCAGG	chrX:1328937	+	50	2	0	0	0	0	40.86
406	TGCCTAGATGGAGCGGTTCATGG	chrX:1325816	-	55	0	0	0	0	0	38.76
407	GCCCGTAGGAGCTTCTTTCCTGG	chrX:1324127	-	60	1	0	0	0	0	39.73
408	TTCTTGTGCGTGGCCCTTTGCGG	chrX:1325344	+	55	1	0	0	0	0	39.61
409	GTCGGTCAGGGGCCGCGGTGGGG	chrX:1322620	-	80	0	0	0	0	0	38.44
410	GTGGAGGACCTGCAGCTAAATGG	chrX:1326492	+	55	1	0	0	0	0	39.39
411	CAACTTTCACTACGAGCAACTGG	chrX:1324488	+	45	0	0	0	0	0	38.33
412	TAAAGTTAGCTCTGCCTAGATGG	chrX:1325828	-	40	1	0	0	0	0	39.23
413	CAGAGATTGAGAAACCTTAAAGG	chrX:1328664	+	35	1	0	0	0	0	39.20
414	CGAGGGCACCAAAAGCTTCTTGG	chrX:1326347	+	55	0	0	0	0	0	37.61
415	CCGGGAGTTCTGCGAGGGTTTGG	chrX:1327694	+	65	0	0	0	0	0	37.60
416	TTAGCTTCTTGGGCAGGTGCGGG	chrX:1329093	-	55	0	0	0	0	0	37.53
417	GGACCTCTTGGTTCTGTCCCTGG	chrX:1322913	-	60	1	0	0	0	0	38.43
418	CGGCGTCACTGCCTTCCAAATGG	chrX:1323735	+	60	2	0	0	0	0	39.41
419	CGCAGCTTCTGGACCTTGTAAGG	chrX:1327731	-	55	1	0	0	0	0	38.34
420	CTTGGTACGGAGGAAGCTTATGG	chrX:1327561	+	50	2	0	0	0	0	38.91
421	CTCAGATTCGACAGCGTTTGTGG	chrX:1325562	-	50	1	0	0	0	0	37.88
422	AAACACGCCGGCAAGAGTTCTGG	chrX:1328468	+	55	0	0	0	0	0	36.72
423	ATGGGTCTCCAGTCGACTTCTGG	chrX:1328766	-	55	2	0	0	0	0	38.60
424	TTCTAGTTCGCTTCGCAGCTTGG	chrX:1322659	-	50	0	0	0	0	0	36.50
425	ACCCGGAGCCATGTACTTATTGG	chrX:1329173	+	50	2	0	0	0	0	38.46
426	TGTGCTGGAAACTCAATTGCTGG	chrX:1324155	+	45	0	0	0	0	0	36.36
427	TGACTCTGTGGAACTTAACTTGG	chrX:1324524	+	40	1	0	0	0	0	37.11
428	TCGTCGAATAGGTCGCTTTCTGG	chrX:1328361	-	50	0	0	0	0	0	36.05
429	GGCTGGCGCAGTGGAGGGCGTGG	chrX:1328884	-	80	0	0	0	0	0	35.97
430	TCAGCAGCAGGAGGGCCTCCTGG	chrX:1323231	+	70	3	0	0	0	0	38.66
431	TGGGGAGAACTCAGGGGAAATGG	chrX:1325694	-	55	0	0	0	0	0	35.53
432	TTCTGTTGCGCTCTCAAAAACGG	chrX:1327515	-	40	0	0	0	0	0	35.32
433	GTCCACAGGTCCGCTCTTGAAGG	chrX:1327912	-	60	3	0	0	0	0	38.27
434	ATCTGCAGAAACTGCTCCGCTGG	chrX:1326547	+	55	1	0	0	0	0	35.99
435	TGGCTCCCTTGACTTGCATCTGG	chrX:1324581	+	55	2	0	0	0	0	36.90
436	GAGGGAACTGCTCTTGGCAGTGG	chrX:1323624	+	60	1	0	0	0	0	35.66
437	TCGCAGCCGTGAGCCCGTTCAGG	chrX:1326662	+	70	2	0	0	0	0	36.56
438	TGGATAGGCAGAACGAATTAGGG	chrX:1326193	+	40	1	0	0	0	0	35.50
439	TCCACTTATCTGTAGTTCTTGGG	chrX:1325440	-	35	0	0	0	0	0	34.29
440	CACTGGAAATGTCCGCATTCAGG	chrX:1326458	+	50	0	0	0	0	0	34.19
441	TGGAAACGATTCTAGCTTCCAGG	chrX:1328549	+	45	4	0	0	0	0	38.04
442	GGGACCTGCTGCCTCCTATTCGG	chrX:1328717	+	60	2	0	0	0	0	34.94
443	ATCTCCGCTCTTAGCTTCTTGGG	chrX:1329103	-	45	0	0	0	0	0	32.74
444	AATTCTCTAGGAACTGTTCTAGG	chrX:1326806	-	35	3	0	0	0	0	35.06
445	ATTTGGAAGCGGAGGAGTTCTGG	chrX:1323542	+	50	1	0	0	0	0	33.03
446	CAGCAGACGTCTCCGCATTCTGG	chrX:1328284	-	60	2	0	0	0	0	34.00
447	GCTCATCTGGCCCACGTTGCAGG	chrX:1328507	+	65	0	0	0	0	0	31.78
448	GTGCCACCACCACTCCTGGCTGG	chrX:1322769	-	70	1	0	0	0	0	32.69
449	CCTCCTTGTGGTACTGCCTATGG	chrX:1324009	+	55	2	0	0	0	0	32.94
450	TATGACCAGCTACGAGTTGCAGG	chrX:1327988	+	50	0	0	0	0	0	30.85
451	TAGCTTCCAGGAGCAAGTTCTGG	chrX:1328561	+	50	1	0	0	0	0	31.53
452	AGAACTCTTGCCGGCGTGTTTGG	chrX:1328466	-	55	0	0	0	0	0	30.07
453	ATTGGTAACCTTCTCGCATTTGG	chrX:1325143	+	40	1	0	0	0	0	30.78
454	CTGAACGACCTAAGCTTTCCAGG	chrX:1324904	+	50	1	0	0	0	0	30.41
455	GCTATCTAGTCGAAGACTTTTGG	chrX:1325671	-	40	3	0	0	0	0	32.34
456	TAATATCTACGTCTATGATTTGG	chrX:1323525	+	25	0	0	0	0	0	29.30
457	ACTGCTCGTCCTGGAGGTTTTGG	chrX:1323951	+	55	0	0	0	0	0	29.24
458	GGACGAGGCAGTTGCTTTACGGG	chrX:1327931	+	55	1	0	0	0	0	30.22
459	GTGGTAAGGGGCACTGTTAATGG	chrX:1327218	+	50	0	0	0	0	0	28.79
460	GTCCACTTATCTGTAGTTCTTGG	chrX:1325441	-	40	0	0	0	0	0	28.74
461	CGGACGCAGCTACCTTGCGCTGG	chrX:1323759	+	70	4	0	0	0	0	32.39
462	GCGGCATTTGCCCCGCCTGCTGG	chrX:1322802	-	75	0	0	0	0	0	27.29
463	CAAATCTCCGCCGCAGCTTCTGG	chrX:1327742	-	60	1	0	0	0	0	26.85
464	TCTGAAGATGGCTACGGATTTGG	chrX:1324689	+	45	2	0	0	0	0	27.60
465	ACTTGTAGCCGGGTGAAATTTGG	chrX:1325745	-	45	0	0	0	0	0	24.91
466	ACAATGTCATCCAGCAATTCTGG	chrX:1326294	-	40	1	0	0	0	0	24.01
467	CGCTTTCTGGAATACTTAACTGG	chrX:1328348	-	40	0	0	0	0	0	22.64
468	GCTAGAACGCCTAGTGGTTTTGG	chrX:1326626	+	50	4	0	0	0	0	26.31
469	CTAGAACGCCTAGTGGTTTTGGG	chrX:1326627	+	45	4	0	0	0	0	21.47
470	CATAAGCGATGTGGCAATTTTGG	chrX:1327439	+	40	0	0	0	0	0	10.58
471	CGAGTGCGACTCCACCACATTGG	chrX:1323038	-	60	0	0	0	0	1	70.99
472	CCACTGGTTGTAAGCGAGGGCGG	chrX:1324321	+	60	0	0	0	0	1	70.83
473	CGTGTGTGGGGAGAACTCAGGGG	chrX:1325700	-	60	0	0	0	0	1	70.76
474	GCTCTGGAACACGACGATGGAGG	chrX:1322685	+	60	0	0	0	0	1	70.21
475	GTCGGAGAGTCAGTACATCGAGG	chrX:1324287	+	55	1	0	0	0	1	70.95
476	AGCTGGTAGCCACTTGACAGCGG	chrX:1325790	-	55	0	0	0	0	1	69.66
477	ACTGGAGCAGTTACCTCCAGGGG	chrX:1327404	-	55	1	0	0	0	1	70.55
478	TCCAGCACAAAAATGCCCGTAGG	chrX:1324141	-	50	1	0	0	0	1	68.88
479	TAATGAAGAAAATGGCTCGGGGG	chrX:1328615	+	40	0	0	0	0	1	67.71
480	AACTGCAGAAGAGAGCTACCGGG	chrX:1327676	+	50	0	0	0	0	1	66.70
481	GCTTGGTAACAAAGTCATTGAGG	chrX:1325534	-	40	1	0	0	0	1	66.93
482	GGGCGTAAAGAAGTCGGGGACGG	chrX:1328822	-	60	1	0	0	0	1	66.35
483	AAGAAACTGCAGGTGAAGCAGGG	chrX:1327629	+	45	0	0	0	0	1	65.22
484	ACATTTCCAGTGAGGTGCAGCGG	chrX:1326447	-	50	0	0	0	0	1	64.30
485	ACTCCACTGGTTGTAAGCGAGGG	chrX:1324318	+	50	0	0	0	0	1	64.25
486	ACAAGGTCCAGAAGCTGCGGCGG	chrX:1327735	+	60	0	0	0	0	1	64.18
487	AGCCAGCGATCCACATCCGTCGG	chrX:1323172	-	60	2	0	0	0	1	65.43
488	TGCAAATGCTGTGGACACGACGG	chrX:1325056	+	50	1	0	0	0	1	63.86
489	GGTTCCCAGATGCAAGTCAAGGG	chrX:1324586	-	50	2	0	0	0	1	64.73
490	CTCTCGCAACTCCTGCAACGTGG	chrX:1328518	-	60	0	0	0	0	1	62.64
491	TTAGCTCTGCCTAGATGGAGCGG	chrX:1325823	-	50	2	0	0	0	1	64.46
492	AGAAACCTCCAAATGCGAGAAGG	chrX:1325151	-	45	1	0	0	0	1	62.86
493	CAGAAGTATCTGCTGAAGCAGGG	chrX:1324412	-	45	2	0	0	0	1	63.81
494	TATACGCCTGCACTTCGAAGGGG	chrX:1323668	+	50	1	0	0	0	1	62.14
495	GACCCAGGACGAGCATGTCGCGG	chrX:1323120	-	65	0	0	0	0	1	61.03
496	TCAGGGACGCATCTTTGTGGAGG	chrX:1326476	+	55	1	0	0	0	1	61.65
497	GAGTGGTGGTGGCACCCACGTGG	chrX:1322777	+	70	5	0	0	0	1	65.47
498	CCCAGCATCAAGTCTCAGCTCGG	chrX:1328214	+	55	0	0	0	0	1	60.41
499	TTACCTCTCAATCGGCCACCCGG	chrX:1329156	+	55	0	0	0	0	1	60.40
500	AACTGGAGCAGTTACCTCCAGGG	chrX:1327405	-	50	2	0	0	0	1	62.37
501	TCTGCAGAAACTGCTCCGCTGGG	chrX:1326548	+	55	1	0	0	0	1	61.32
502	GAAAGCAAGAGGCAGCAGCAAGG	chrX:1322955	+	55	0	0	0	0	1	60.07
503	AATCATGGGCACTGGAGCCACGG	chrX:1329255	-	55	0	0	0	0	1	59.87
504	AACAAGGTGCCGCTGTCAAGTGG	chrX:1325781	+	55	0	0	0	0	1	59.53
505	TGCATGATGCAGTTGGATGTGGG	chrX:1328908	-	45	0	0	0	0	1	59.36
506	GATCAGCACCTCGTGCGCGTCGG	chrX:1326325	-	65	1	0	0	0	1	60.17
507	GCATGGCGGTGATGGGAAAGGGG	chrX:1323294	-	60	1	0	0	0	1	59.99
508	CTGAATCTCCTGGCGAATGGCGG	chrX:1322876	-	55	0	0	0	0	1	58.85
509	CATTCGCCAGGAGATTCAGCAGG	chrX:1322880	+	55	0	0	0	0	1	58.40
510	ACTTGTTGGCGCAAGTGCAGCGG	chrX:1323694	-	55	0	0	0	0	1	58.23
511	TTGGAAGTTCAACGACTCCCCGG	chrX:1326596	-	50	0	0	0	0	1	58.15
512	GATGAGCTGGGCACTCCGTGCGG	chrX:1328491	-	65	3	0	0	0	1	60.80
513	ACCTGGCCATTCTCGATACAGGG	chrX:1323602	+	50	0	0	0	0	1	57.12
514	AAGCGAGGGCGGAACCGTTGAGG	chrX:1324332	+	65	1	0	0	0	1	58.02
515	GCACGGGGATTGGAAGGTAGTGG	chrX:1323867	-	60	1	0	0	0	1	58.00
516	TTTGCTCCTAGATGGCCAGCTGG	chrX:1327196	+	55	1	0	0	0	1	57.95
517	GCTTCGCAGCTTGGCCACCTCGG	chrX:1322650	-	65	0	0	0	0	1	56.88
518	CCCAGGAAAGAAGCTCCTACGGG	chrX:1324126	+	55	1	0	0	0	1	57.66
519	CTACGTCTATGATTTGGAAGCGG	chrX:1323531	+	40	0	0	0	0	1	56.61
520	TCAGCCGGGCGTAAAGAAGTCGG	chrX:1328828	-	55	1	0	0	0	1	57.52
521	ATTAACGAAAAGTTCCTCAACGG	chrX:1324346	-	30	0	0	0	0	1	56.47
522	CTAATGAAGAAAATGGCTCGGGG	chrX:1328614	+	40	0	0	0	0	1	56.15
523	TGAACTGAGTCCTTCGGAGATGG	chrX:1328261	+	50	2	0	0	0	1	58.15
524	GCTATGGTCCACCACCACTTTGG	chrX:1322837	-	55	3	0	0	0	1	59.13
525	TGTCAAAGACAACTCGATGCTGG	chrX:1323921	-	45	0	0	0	0	1	55.75
526	GGAATTCCGGTTGCAAGCGGAGG	chrX:1328315	+	60	0	0	0	0	1	55.48
527	CTTATCTACCGCGGTGTGCAGGG	chrX:1329048	+	55	0	0	0	0	1	55.47
528	CCGATCCCAGCCAGGAGTGGTGG	chrX:1322763	+	70	1	0	0	0	1	56.39
529	AGCTGCGCACGGGGATTGGAAGG	chrX:1323873	-	65	1	0	0	0	1	56.35
530	CTGTAGTTGTTCCAGGTCCACGG	chrX:1323071	-	50	1	0	0	0	1	56.22
531	GGATCTTTATTCGATCGATCCGG	chrX:1327887	+	40	1	0	0	0	1	56.07
532	CAGGTTCCAGCTCAGCAGAATGG	chrX:1328053	-	55	0	0	0	0	1	55.06
533	CAGCCAGATAAGCTGATCCTGGG	chrX:1323377	-	50	1	0	0	0	1	56.02
534	GTCAATAGCTGCAAATGCTGTGG	chrX:1325047	+	45	1	0	0	0	1	55.98
535	ACAGGAAGAGCTAATCCAGCTGG	chrX:1324242	+	50	0	0	0	0	1	54.55
536	TCTGGCAACGGGCTACTCAATGG	chrX:1325892	+	55	2	0	0	0	1	56.47
537	AGAGCTCTTGGCAGAGAAGTCGG	chrX:1324269	+	50	1	0	0	0	1	55.40
538	TCAAGTGGCCCAAAACCACTAGG	chrX:1326635	-	50	3	0	0	0	1	57.34
539	GAGACGTTCTATATCCGAAATGG	chrX:1324561	+	40	0	0	0	0	1	53.66
540	CGCGCACGAGGTGCTGATCGAGG	chrX:1326329	+	70	1	0	0	0	1	54.57
541	GATATACGCCTGCACTTCGAAGG	chrX:1323666	+	50	1	0	0	0	1	54.49
542	TTTTTATTAACGAAATGGAGTGG	chrX:1324718	+	25	1	0	0	0	1	54.30
543	CTGGAGGTTTTGGTTTGGAACGG	chrX:1323961	+	45	0	0	0	0	1	53.15
544	GAACGGTGAGGCGTTTGAGGCGG	chrX:1323978	+	60	2	0	0	0	1	55.13
545	TGATCAAAGAGTTCCTGAACGGG	chrX:1326675	-	40	1	0	0	0	1	54.13
546	ACTCATAGCCGATCCCAGCCAGG	chrX:1322755	+	60	2	0	0	0	1	55.10
547	CGGGAGCAGCAGGAAATAAGCGG	chrX:1327593	+	55	0	0	0	0	1	53.02
548	GGAGGTTTCTGAAGAATTGGAGG	chrX:1325164	+	45	0	0	0	0	1	52.78
549	AACAAACCGAAGGCGTGTGTGGG	chrX:1325713	-	50	2	0	0	0	1	54.70
550	AGCAGTTTCTGCAGATCAGCAGG	chrX:1326540	-	50	1	0	0	0	1	53.63
551	TTCGCAGGGAGAGATACGTTTGG	chrX:1326842	+	50	0	0	0	0	1	52.63
552	TTTTGGAGAGTAGTTCCTCTAGG	chrX:1325654	-	40	2	0	0	0	1	54.53
553	GGCACCCACGTGGACCCAGCAGG	chrX:1322787	+	75	1	0	0	0	1	53.53
554	AGCTAAGAGCGGAGATGGGGAGG	chrX:1329110	+	60	1	0	0	0	1	53.50
555	CAACATGCAGCCCGCCCCATAGG	chrX:1324025	-	65	0	0	0	0	1	52.48
556	ACTGCACTGCAATTCAAGCTTGG	chrX:1328025	-	45	0	0	0	0	1	52.31
557	ATGGTCCACCACCACTTTGGAGG	chrX:1322834	-	55	1	0	0	0	1	53.27
558	ACCCGCGACATGCTCGTCCTGGG	chrX:1323118	+	65	0	0	0	0	1	52.10
559	TGGCTGACCCTCCAGGCCAATGG	chrX:1323190	+	65	1	0	0	0	1	53.08
560	GTTCCCAGCATGGCGGTGATGGG	chrX:1323301	-	60	1	0	0	0	1	53.00
561	CAATGGAAGCGTTTTCCTTGTGG	chrX:1323207	+	45	2	0	0	0	1	53.98
562	TTTGCGGCTGCTTGGAAAGGTGG	chrX:1325360	+	55	0	0	0	0	1	51.93
563	ATTTGCTTTGGAGGCACCCGGGG	chrX:1327805	+	55	0	0	0	0	1	51.92
564	TTTCCCATCACCGCCATGCTGGG	chrX:1323298	+	55	0	0	0	0	1	51.80
565	GCCAATCGTCCAGTGCCAGATGG	chrX:1323428	-	60	1	0	0	0	1	52.71
566	CATTTCAGTTGCGTTTGCAAAGG	chrX:1327061	+	40	1	0	0	0	1	52.59
567	ACCTTTAAATCCCACTCTGCTGG	chrX:1325282	+	45	1	0	0	0	1	51.94
568	GAACCAAGAGGTCCTCCAGCTGG	chrX:1322922	+	60	1	0	0	0	1	51.83
569	AAAGTGTTGGCATACTCCTCTGG	chrX:1327251	-	45	0	0	0	0	1	50.78
570	CGCTGGGATCCAAATGCAGGTGG	chrX:1326564	+	60	0	0	0	0	1	50.69
571	GGCAGTGGGTCAGTGGGACGAGG	chrX:1323639	+	70	1	0	0	0	1	51.64
572	CTCCATGAACCGCTCCATCTAGG	chrX:1325814	+	55	0	0	0	0	1	50.38
573	GCAGATCGCCTTGTACTGTCGGG	chrX:1326912	+	55	2	0	0	0	1	52.35
574	TCAAGTGTCCACGTCCCGTCAGG	chrX:1322988	+	60	0	0	0	0	1	50.13
575	GCGGCCCCTGACCGACCAAAAGG	chrX:1322627	+	70	0	0	0	0	1	50.08
576	AGAACGAATTAGGGACGCGTTGG	chrX:1326202	+	50	2	0	0	0	1	51.94
577	AGTTGAACAGCGTCTCTGGCTGG	chrX:1324470	-	55	2	0	0	0	1	51.94
578	CTTGCCGGCGTGTTTGGCAGTGG	chrX:1328460	-	65	0	0	0	0	1	49.83
579	GCTGGATGGTAATTTCTTGGAGG	chrX:1327088	+	45	0	0	0	0	1	49.54
580	CTGCTGAATCTCCTGGCGAATGG	chrX:1322879	-	55	0	0	0	0	1	49.32
581	ATTTGCAGCTATTGACGATAAGG	chrX:1325040	-	35	2	0	0	0	1	51.31
582	CGTGCGGCCAGAACTCTTGCCGG	chrX:1328475	-	65	1	0	0	0	1	50.23
583	CTTATGTTTAGACCATGAACTGG	chrX:1327422	-	35	0	0	0	0	1	48.97
584	AGCAGATCGCCTTGTACTGTCGG	chrX:1326911	+	50	2	0	0	0	1	50.89
585	TTGGAGGTTCTGCTGGAACTGGG	chrX:1326241	-	50	1	0	0	0	1	49.87
586	TAACACTAAAGAGCTTCATCTGG	chrX:1326377	+	35	0	0	0	0	1	48.81
587	AAGCGAACTAGAAAAAGCTCTGG	chrX:1322669	+	40	1	0	0	0	1	49.74
588	CGCTCTTTCAAACGCTAGCAGGG	chrX:1328938	+	50	3	0	0	0	1	51.65
589	GGGGCACTGGCTATTAATGCTGG	chrX:1322601	-	55	2	0	0	0	1	50.16
590	GTATTTGCTTTGGAGGCACCCGG	chrX:1327803	+	50	0	0	0	0	1	48.01
591	AGCAAATCATCTGCCTCTAGGGG	chrX:1327179	-	45	1	0	0	0	1	48.96
592	GCTTCTGGACCTTGTAAGGCAGG	chrX:1327727	-	55	2	0	0	0	1	49.94
593	TAGCTGTTGCTCCGTGAAGCGGG	chrX:1327150	-	55	2	0	0	0	1	49.90
594	AGAATCTTTTACTCACTCTCAGG	chrX:1327008	-	35	0	0	0	0	1	47.82
595	CTCGACGAATCAGCCGCCGCTGG	chrX:1324095	+	70	1	0	0	0	1	48.82
596	CATCCAGCAATTCTGGGAGCAGG	chrX:1326287	-	55	1	0	0	0	1	48.79
597	TGGTAATTTCTTGGAGGTTGAGG	chrX:1327094	+	40	0	0	0	0	1	47.61
598	AGAGCGCAACAGAACATCAATGG	chrX:1327524	+	45	0	0	0	0	1	47.15
599	TCGTCTCTGTAGCTGCGCACGGG	chrX:1323883	-	60	0	0	0	0	1	47.11
600	AACCTTAAAGGAGAGCTTCAAGG	chrX:1328676	+	40	1	0	0	0	1	47.80
601	ATGGATTTGACTTTAGGGCTTGG	chrX:1327543	+	40	1	0	0	0	1	47.73
602	CCCATCTGGCACTGGACGATTGG	chrX:1323427	+	60	1	0	0	0	1	47.34
603	TGAAAGTTGAACAGCGTCTCTGG	chrX:1324474	-	45	0	0	0	0	1	46.02
604	ACAGAAGTATCTGCTGAAGCAGG	chrX:1324413	-	45	2	0	0	0	1	47.69
605	GCTGGACCCGCATCCACCGCTGG	chrX:1327861	+	75	2	0	0	0	1	47.42
606	AATCTCCTGGCGAATGGCGGAGG	chrX:1322873	-	60	1	0	0	0	1	46.24
607	ATCCAACTGCATCATGCAAATGG	chrX:1328913	+	40	2	0	0	0	1	47.05
608	TTATCTCCGCTGCACCTCACTGG	chrX:1326441	+	55	0	0	0	0	1	44.94
609	GTGGGTGCCACCACCACTCCTGG	chrX:1322773	-	70	2	0	0	0	1	46.91
610	ATGCAGGTGGCTTTGTGCACCGG	chrX:1326577	+	55	1	0	0	0	1	45.87
611	GGCAAGTCGTTTGGCTGGATAGG	chrX:1326178	+	55	0	0	0	0	1	44.84
612	AGTTCTGGAGCAAACGCTGCTGG	chrX:1328576	+	55	1	0	0	0	1	45.74
613	GGAAACACCTGTTCGCTTTGCGG	chrX:1326863	+	50	0	0	0	0	1	44.28
614	TTTAAATCAGGAAAGGGATCAGG	chrX:1327766	+	35	0	0	0	0	1	44.03
615	AGGTGTTTTCAACTTGTAGCCGG	chrX:1325756	-	40	0	0	0	0	1	44.02
616	GCAGGATTGGGTGCACGAACAGG	chrX:1324224	+	60	0	0	0	0	1	43.77
617	TGCGCCTCTTGGACAGCTCCAGG	chrX:1323096	-	65	1	0	0	0	1	44.17
618	TGTGCAGGCGAACCAGCTGCAGG	chrX:1325999	+	65	1	0	0	0	1	44.05
619	CGCCGCTGGTTGTGGTGCCCAGG	chrX:1324109	+	75	0	0	0	0	1	42.91
620	AACTTTAGTCGTCTGATGGCAGG	chrX:1325844	+	45	0	0	0	0	1	42.68
621	TGCCAATAAGTACATGGCTCCGG	chrX:1329175	-	45	2	0	0	0	1	44.53
622	AACCCTCAATGTTCAGCAATTGG	chrX:1324605	+	40	0	0	0	0	1	42.44
623	GGACAAGCTGCTTCAAGATCTGG	chrX:1324740	+	50	2	0	0	0	1	44.29
624	GCGGAGATTTGATTTAAATCAGG	chrX:1327754	+	35	1	0	0	0	1	43.19
625	TACTTTCATCAGCTGGAGCTTGG	chrX:1325604	+	45	1	0	0	0	1	42.83
626	TGTGGTACTGCCTATGGGGCGGG	chrX:1324015	+	60	1	0	0	0	1	42.81
627	AACTGGGATTAGGGAGTGGCTGG	chrX:1328162	-	55	1	0	0	0	1	42.49
628	GCCCAGGAAAGAAGCTCCTACGG	chrX:1324125	+	55	1	0	0	0	1	42.47
629	ATCCATTCCAGCGGTGGATGCGG	chrX:1327868	-	55	1	0	0	0	1	42.30
630	TTCCAATTGCTGAACATTGAGGG	chrX:1324607	-	35	0	0	0	0	1	41.18
631	GCTAATGAAGAAAATGGCTCGGG	chrX:1328613	+	40	0	0	0	0	1	41.13
632	TCCACTTGCTGCTCTCGCAATGG	chrX:1327344	-	55	1	0	0	0	1	41.98
633	AGCGAGGCGAAGTGTTTGAATGG	chrX:1328785	-	50	1	0	0	0	1	41.78
634	CATGTCGCGGGTGCGCCTCTTGG	chrX:1323107	-	70	0	0	0	0	1	40.45
635	TTTTGGTCGGTCAGGGGCCGCGG	chrX:1322625	-	65	0	0	0	0	1	40.16
636	AACGGTGAGGCGTTTGAGGCGGG	chrX:1323979	+	60	2	0	0	0	1	42.04
637	ACTGGGACGAGCTCCAATTTCGG	chrX:1324642	-	50	0	0	0	0	1	39.90
638	CTTCCAGCTGGAGGACCTCTTGG	chrX:1322925	-	60	1	0	0	0	1	40.76
639	GGGGAGAACTCAGGGGAAATGGG	chrX:1325693	-	55	0	0	0	0	1	39.67
640	TGCAGGTGGCTTTGTGCACCGGG	chrX:1326578	+	60	2	0	0	0	1	41.09
641	GAGCAAATCATCTGCCTCTAGGG	chrX:1327180	-	45	1	0	0	0	1	40.01
642	GGCGTCACTGCCTTCCAAATGGG	chrX:1323736	+	55	2	0	0	0	1	40.67
643	AGGCGCTGCTCAGCGAGCTATGG	chrX:1322853	-	65	4	0	0	0	1	42.39
644	GGCAGTGACGCCGGCCACCTCGG	chrX:1323725	-	75	0	0	0	0	1	38.32
645	CCCTTTGCGGCTGCTTGGAAAGG	chrX:1325357	+	60	1	0	0	0	1	39.17
646	TGCACAAAGCCACCTGCATTTGG	chrX:1326573	-	50	0	0	0	0	1	38.11
647	ACTGGAAATGTCCGCATTCAGGG	chrX:1326459	+	45	0	0	0	0	1	38.11
648	AATGGAAGCGTTTTCCTTGTGGG	chrX:1323208	+	40	2	0	0	0	1	40.06
649	GCAACGTGGGCCAGATGAGCTGG	chrX:1328504	-	65	1	0	0	0	1	39.02
650	GAACCAGCTGCAGGGCATTAAGG	chrX:1326008	+	55	0	0	0	0	1	37.83
651	TTTGCTGGTGATGGCTTCCCAGG	chrX:1323360	+	55	0	0	0	0	1	37.54
652	GCAATGTGAGCCAGTGGCTCCGG	chrX:1326952	+	60	3	0	0	0	1	40.20
653	TGGTCGGTCAGGGGCCGCGGTGG	chrX:1322622	-	80	0	0	0	0	1	36.81
654	ACTTCTGGAAGCTCCGAAATTGG	chrX:1324629	+	45	1	0	0	0	1	37.64
655	ATTGATCTTTGAGATTTCTTAGG	chrX:1328123	-	25	0	0	0	0	1	35.75
656	TTTGCTCCAGAACTTGCTCCTGG	chrX:1328567	-	50	1	0	0	0	1	36.69
657	TTTGGAGGTTTCTGAAGAATTGG	chrX:1325161	+	35	0	0	0	0	1	35.50
658	TGAAGCTCTTTAGTGTTAACAGG	chrX:1326372	-	35	0	0	0	0	1	34.93
659	GGCGCTGCCATTGAGCTGCTTGG	chrX:1325236	-	65	0	0	0	0	1	34.72
660	CACCCGCGACATGCTCGTCCTGG	chrX:1323117	+	70	0	0	0	0	1	34.32
661	CATTGAGCTGCTTGGTGATAGGG	chrX:1325228	-	45	0	0	0	0	1	34.22
662	TTCATCTGGCTGCACTGAATGGG	chrX:1326391	+	45	0	0	0	0	1	33.57
663	CTTCCCAGGATCAGCTTATCTGG	chrX:1323374	+	50	0	0	0	0	1	33.56
664	CGTGGCCCTTTGCGGCTGCTTGG	chrX:1325352	+	70	1	0	0	0	1	34.49
665	TAGATGGCCAGCTGGTGGTAAGG	chrX:1327204	+	55	0	0	0	0	1	33.35
666	TGATCAACGAGCGAGGTTGCTGG	chrX:1327843	+	55	2	0	0	0	1	35.12
667	GCTCCCGTTGCTGATCCTTCAGG	chrX:1326068	+	60	1	0	0	0	1	32.46
668	GCTTGCTGGTAACTGGGATTAGG	chrX:1328172	-	50	0	0	0	0	1	31.25
669	CTTGTGCCACGCACCATTCTTGG	chrX:1323823	+	55	1	0	0	0	1	32.05
670	ATCGCTGGATGGTAATTTCTTGG	chrX:1327085	+	40	0	0	0	0	1	30.74
671	GCAAGTCAAGGGAGCCATTTCGG	chrX:1324575	-	50	1	0	0	0	1	31.67
672	TGTTCAGCAATTGGAACTTCTGG	chrX:1324614	+	40	1	0	0	0	1	31.49
673	CACGGAGTGCCCAGCTCATCTGG	chrX:1328494	+	65	2	0	0	0	1	31.39
674	TAGTGCTCTTTGTTTTGTTCAGG	chrX:1328072	-	35	0	0	0	0	1	28.58
675	TGCTGGACACCTTGGAATTCCGG	chrX:1328302	+	50	2	0	0	0	1	30.55
676	CCAGCAGAACCTCCAAGTTCTGG	chrX:1326248	+	55	1	0	0	0	1	28.92
677	CTCCTTGTGGTACTGCCTATGGG	chrX:1324010	+	50	2	0	0	0	1	29.74
678	ACATCAATGGATTTGACTTTAGG	chrX:1327537	+	30	1	0	0	0	1	28.61
679	CTTGTAGCCGGGTGAAATTTGGG	chrX:1325744	-	45	0	0	0	0	1	27.06
680	CTGGATAGGCAGAACGAATTAGG	chrX:1326192	+	45	1	0	0	0	1	27.74
681	CACACACGCCTTCGGTTTGTTGG	chrX:1325715	+	55	2	0	0	0	1	27.06
682	GCTTGGCCACCTCGGCCTTTTGG	chrX:1322642	-	65	1	0	0	0	1	25.75
683	TGGACGAGGCAGTTGCTTTACGG	chrX:1327930	+	50	1	0	0	0	1	25.66
684	CATCAATGGATTTGACTTTAGGG	chrX:1327538	+	30	1	0	0	0	1	24.36
685	CGCTTTGTGAGTATCTTAAACGG	chrX:1324992	+	35	0	0	0	0	1	20.96
686	AGGCGTTCTAGCTCCTTTTTTGG	chrX:1326615	-	45	1	0	0	0	1	20.93
687	GATCGTGAGGCTGGCATTTCAGG	chrX:1324054	+	55	0	0	0	0	1	19.23
688	TGAGACGCTGCTAGCATTTATGG	chrX:1329002	+	45	2	0	0	0	1	19.78
689	GCCCTTGAAGCTCTCCTTTAAGG	chrX:1328678	-	50	1	0	0	0	1	14.44
690	GGATGATGAAAAGCTGCATGCGG	chrX:1328636	+	45	0	0	0	1	0	71.29
691	GAATGCGGACATTTCCAGTGAGG	chrX:1326455	-	50	0	0	0	1	0	70.64
692	CCTGCCCAAGAAGCTAAGAGCGG	chrX:1329099	+	55	0	0	0	1	0	66.09
693	GCGGGCTTGCCGCCTCCTTGTGG	chrX:1323997	+	75	3	0	0	1	0	55.23
694	CAGCACCTCCTGACGGGACGTGG	chrX:1322996	-	70	0	0	0	1	0	47.38
695	TGTAGTTCTTGGGCAGAGTTCGG	chrX:1325430	-	45	0	0	0	1	0	46.85
696	TGCGATTGGAGCCCAGTCTTGGG	chrX:1323398	+	55	1	0	0	1	0	35.77
697	CACGTCCCGTCAGGAGGTGCTGG	chrX:1322997	+	70	0	0	0	1	0	31.31
698	CTGCGATTGGAGCCCAGTCTTGG	chrX:1323397	+	60	1	0	0	1	0	28.09
699	ATGATGCAGTTGGATGTGGGCGG	chrX:1328905	-	50	0	0	0	0	2	72.92
700	GGGCAAGAGGAAGACGACGAGGG	chrX:1328697	+	60	0	0	0	0	2	71.94
701	TTACGACGGAGTTCGCCTAGAGG	chrX:1325639	+	55	3	0	0	0	2	74.87
702	GCTTGGAAAGACCTCCAAAGTGG	chrX:1322823	+	50	2	0	0	0	2	73.10
703	AACAGATCGCTGGAACAGAAGGG	chrX:1323321	+	45	0	0	0	0	2	68.29
704	GAGTTGCGAGAGGTTTCGAGTGG	chrX:1328529	+	55	0	0	0	0	2	66.42
705	TTCTGGCCAAGAATGGTGCGTGG	chrX:1323829	-	55	0	0	0	0	2	65.94
706	CTTCGGAGATGGCCAGAATGCGG	chrX:1328272	+	55	1	0	0	0	2	65.58
707	CTGGGCACCACAACCAGCGGCGG	chrX:1324108	-	70	0	0	0	0	2	62.56
708	GGTTTGCTGGTCCCACAGCGAGG	chrX:1328801	-	65	2	0	0	0	2	64.42
709	CGGCAAGAGTTCTGGCCGCACGG	chrX:1328476	+	65	1	0	0	0	2	63.25
710	ACAAACCGAAGGCGTGTGTGGGG	chrX:1325712	-	55	2	0	0	0	2	63.88
711	AGTAGAAGCCGTTGACTCTGTGG	chrX:1324512	+	50	2	0	0	0	2	63.50
712	CCCATTGCGAGAGCAGCAAGTGG	chrX:1327343	+	60	1	0	0	0	2	61.84
713	GGAGATCCGACAGTTCATGCAGG	chrX:1324206	+	55	0	0	0	0	2	59.41
714	GCCCAAGAACTACAGATAAGTGG	chrX:1325439	+	45	0	0	0	0	2	58.88
715	TCGGCCTTTTGGTCGGTCAGGGG	chrX:1322631	-	60	0	0	0	0	2	58.73
716	TGGCGGTGATGGGAAAGGGGTGG	chrX:1323291	-	65	1	0	0	0	2	59.26
717	AGGAGAGCTTCAAGGGCAAGAGG	chrX:1328684	+	55	0	0	0	0	2	56.91
718	ATGGGTTTTAGCCCAAGACTGGG	chrX:1323409	-	45	1	0	0	0	2	57.78
719	CAAAATTCTGAAGATGGCTACGG	chrX:1324683	+	35	0	0	0	0	2	56.54
720	AGTGATTCCCAGGAATGGCCGGG	chrX:1325120	+	55	1	0	0	0	2	57.46
721	TGAAGCTCGCTGGACGGGAGCGG	chrX:1324368	+	65	2	0	0	0	2	57.74
722	TTGTGGTACTGCCTATGGGGCGG	chrX:1324014	+	55	1	0	0	0	2	56.72
723	CAAACACTTCGCCTCGCTGTGGG	chrX:1328790	+	55	1	0	0	0	2	56.61
724	GCTTTCGCAGTTACATGTAGAGG	chrX:1324785	+	45	0	0	0	0	2	55.33
725	TTTTATTAACGAAATGGAGTGGG	chrX:1324719	+	25	1	0	0	0	2	55.69
726	CATCCACTGGCAGAAGCAGCTGG	chrX:1325477	-	60	0	0	0	0	2	52.51
727	TGACGGCGATGCGTTCAACTTGG	chrX:1326098	-	55	1	0	0	0	2	53.50
728	TGACCAGCTGCTTCTGCCAGTGG	chrX:1325474	+	60	0	0	0	0	2	52.48
729	GATGTGGGCGGCTGGCGCAGTGG	chrX:1328893	-	75	1	0	0	0	2	53.17
730	CGCATTCTGGCCATCTCCGAAGG	chrX:1328271	-	60	2	0	0	0	2	53.55
731	AGGCAGCAGCAAGGAGAGCACGG	chrX:1322964	+	60	0	0	0	0	2	51.00
732	GGCTAATGAAGAAAATGGCTCGG	chrX:1328612	+	40	0	0	0	0	2	50.91
733	TGGAAACTCAATTGCTGGCTAGG	chrX:1324160	+	45	0	0	0	0	2	50.85
734	TGCCGACGGATGTGGATCGCTGG	chrX:1323170	+	65	2	0	0	0	2	52.18
735	TGGCGCAGTGGAGGGCGTGGTGG	chrX:1328881	-	75	0	0	1	0	0	49.57
736	GCTCACATCAAGTTCTTCAATGG	chrX:1326777	+	40	0	0	0	0	2	49.41
737	CACAAGGAAAACGCTTCCATTGG	chrX:1323206	-	45	1	0	0	0	2	49.65
738	GGAGCGGTTCATGGAGCAGCTGG	chrX:1325807	-	65	0	0	0	0	2	48.51
739	CTTTCGCAGTTACATGTAGAGGG	chrX:1324786	+	40	0	0	0	0	2	48.39
740	ACATCAGCCGCAAAGCGAACAGG	chrX:1326870	-	55	0	0	0	0	2	48.30
741	ATCATACAAAATTCTGAAGATGG	chrX:1324677	+	25	0	0	0	0	2	48.20
742	GCAGCTCAATGGCAGCGCCCAGG	chrX:1325240	+	70	0	0	0	0	2	47.66
743	GAGGGAGTAAGTGGGTCCTTCGG	chrX:1324804	+	55	0	0	0	0	2	47.43
744	CAGCATGGCGGTGATGGGAAAGG	chrX:1323296	-	60	1	0	0	0	2	47.74
745	TGGAATAATGCCGCAGATCCTGG	chrX:1323783	+	50	0	0	0	0	2	46.70
746	AAGAAGCTAAGAGCGGAGATGGG	chrX:1329106	+	45	1	0	0	0	2	47.51
747	GCAGCCAGATAAGCTGATCCTGG	chrX:1323378	-	55	1	0	0	0	2	47.40
748	ATTTCAGTTGCGTTTGCAAAGGG	chrX:1327062	+	35	1	0	0	0	2	47.00
749	CAATGTGAGCCAGTGGCTCCGGG	chrX:1326953	+	60	3	0	0	0	2	48.13
750	CAGCAGAACCTCCAAGTTCTGGG	chrX:1326249	+	50	1	0	0	0	2	46.08
751	TGCGTTTGCAAAGGGATCGCTGG	chrX:1327070	+	55	0	0	0	0	2	45.06
752	GCAGATCCTGGTCTACGTGCAGG	chrX:1323795	+	60	0	0	0	0	2	44.81
753	GATCGCACAACGTGTGCAAATGG	chrX:1323564	+	50	3	0	0	0	2	47.53
754	AGCATGGCGGTGATGGGAAAGGG	chrX:1323295	-	55	1	0	0	0	2	45.32
755	GTATGTTTACTTTCATCAGCTGG	chrX:1325597	+	35	0	0	0	0	2	43.80
756	CCTGGAACAACTACAGCGCCTGG	chrX:1323078	+	60	0	0	0	0	2	43.67
757	CTTCATCTGGCTGCACTGAATGG	chrX:1326390	+	50	0	0	0	0	2	43.33
758	CATTAAGGCAGACCTTCTGCTGG	chrX:1326023	+	50	4	0	0	0	2	47.04
759	TGCCACCACCACTCCTGGCTGGG	chrX:1322768	-	65	1	0	0	0	2	43.93
760	TGGGCGGCTGGCGCAGTGGAGGG	chrX:1328889	-	75	1	0	0	0	2	42.78
761	GAATCAGCCGCCGCTGGTTGTGG	chrX:1324101	+	65	2	0	0	0	2	42.18
762	TAATTTGGCACCTGCTGCTCTGG	chrX:1322578	+	50	0	0	0	0	2	39.01
763	AACAGGAGCCAAGAAGCTTTTGG	chrX:1326355	-	45	1	0	0	0	2	39.25
764	GGTCGGTCAGGGGCCGCGGTGGG	chrX:1322621	-	80	0	0	0	0	2	36.18
765	GGTAGCTGCGTCCGCCCATTTGG	chrX:1323750	-	65	2	0	0	0	2	35.27
766	GCGCCTGCTCCCAGAATTGCTGG	chrX:1326284	+	65	1	0	0	0	2	31.94
767	CAGGGGCCGCGGTGGGGCACTGG	chrX:1322614	-	85	0	0	0	0	2	30.30
768	CTGTGTGCAAAATGCTAATTTGG	chrX:1322563	+	35	0	0	0	0	2	25.81
769	TCCAGCAGAGTGGGATTTAAAGG	chrX:1325283	-	45	1	0	0	0	2	26.39
770	CATCTCCGCTCTTAGCTTCTTGG	chrX:1329104	-	50	1	0	0	0	2	22.71
771	CTTTGCGGCTGATGTTAAAATGG	chrX:1326878	+	40	0	0	0	0	2	21.64
772	CTTAAAAGCTTGCTGGTAACTGG	chrX:1328179	-	40	0	0	0	0	2	19.02
773	CCAGGAGATTCAGCAGGCGGTGG	chrX:1322886	+	65	0	0	0	1	1	51.58
774	GGAAAACGCTTCCATTGGCCTGG	chrX:1323201	-	55	0	0	0	1	1	47.57
775	CTCCCGTTGCTGATCCTTCAGGG	chrX:1326069	+	55	1	0	0	1	1	42.78
776	AGTCGTTGAACTTCCAAAAAAGG	chrX:1326602	+	35	0	0	0	1	1	40.84
777	TCAATTGCTGGCTAGGAATTCGG	chrX:1324167	+	40	1	0	0	1	1	39.51
778	AAGCTGTTCGAAATGGCAGTCGG	chrX:1325323	-	45	1	0	0	0	3	68.70
779	TGGAGGTTCTGCTGGAACTGGGG	chrX:1326240	-	55	1	0	0	0	3	61.11
780	AGCGCCTGGAGCTGTCCAAGAGG	chrX:1323092	+	65	2	0	0	0	3	61.57
781	GCTGCAGAAAATCCAGCAGAAGG	chrX:1326035	-	50	1	0	0	0	3	60.42
782	GATGGCCAGCTGGTGGTAAGGGG	chrX:1327206	+	60	0	0	0	0	3	57.37
783	CCATGCTGGGAACAGATCGCTGG	chrX:1323311	+	60	0	0	0	0	3	53.79
784	ATCCATTTGCATGATGCAGTTGG	chrX:1328915	-	40	2	0	0	0	3	55.68
785	TCAGCAGAGCTTCCAGCTGGAGG	chrX:1322934	-	60	2	0	0	0	3	55.54
786	TAAAGCTGCCCAGAACTTGGAGG	chrX:1326257	-	50	0	0	0	0	3	53.07
787	CCTTGTGGGTCAGCAGCAGGAGG	chrX:1323222	+	65	1	0	0	0	3	48.23
788	AAAATGTTAGACAACAATAAAGG	chrX:1327371	-	20	1	0	0	0	3	48.02
789	AGATGGCCAGCTGGTGGTAAGGG	chrX:1327205	+	55	0	0	0	0	3	46.96
790	CATTTTAATTTAACAATCATGGG	chrX:1329269	-	15	0	0	0	0	3	44.79
791	AAAGAAACTGCAGGTGAAGCAGG	chrX:1327628	+	45	0	0	0	0	3	43.37
792	ACCATTCTTGGCCAGAACTTTGG	chrX:1323835	+	45	0	0	0	2	0	40.81
793	CTTGGAGGTTCTGCTGGAACTGG	chrX:1326242	-	55	1	0	0	0	3	30.57
794	GCACCTTGTGGAGGATTTTCTGG	chrX:1328384	+	50	1	0	0	0	3	15.07
795	GATGCTGGACGAGCAGAAGTAGG	chrX:1323906	-	55	0	0	0	1	2	68.80
796	AGGGCAAGAGGAAGACGACGAGG	chrX:1328696	+	60	0	0	0	0	4	65.74
797	TTTGCAAAGGGATCGCTGGATGG	chrX:1327074	+	50	0	0	0	0	4	58.86
798	TGGACGGGGAAATGAGTTCTAGG	chrX:1324436	+	50	2	0	0	0	4	45.57
799	GTGGGCGGCTGGCGCAGTGGAGG	chrX:1328890	-	80	1	0	0	0	4	42.51
800	TGCAGTTGGATGTGGGCGGCTGG	chrX:1328901	-	65	1	0	0	0	4	41.09
801	GCAGTGGAGGGCGTGGTGGGCGG	chrX:1328877	-	75	0	0	0	0	4	40.09
802	TTAATGCTGGCCAGAGCAGCAGG	chrX:1322588	-	55	3	0	0	0	4	40.18
803	GCTGGATTTTCTGCAGCAGCTGG	chrX:1326041	+	55	2	0	0	0	4	36.02
804	ATAAGCGATGTGGCAATTTTGGG	chrX:1327440	+	35	0	0	0	0	4	26.73
805	GACGGGAGCGGATGCTGTTGTGG	chrX:1324380	+	65	2	0	0	1	3	49.26
806	GGTTTTGGTTTGGAACGGTGAGG	chrX:1323966	+	50	2	0	0	0	5	64.19
807	GCACAAGAAGCTGTTCGAAATGG	chrX:1325330	-	45	0	0	0	1	4	53.62
808	TCGTCCTGGAGGTTTTGGTTTGG	chrX:1323956	+	50	0	0	0	1	4	45.12
809	ACATTTTAATTTAACAATCATGG	chrX:1329270	-	15	0	0	0	0	6	34.47
810	ATTTGATTTAAATCAGGAAAGGG	chrX:1327760	+	20	0	0	0	1	5	50.28
811	TTTCCTTGTGGGTCAGCAGCAGG	chrX:1323219	+	55	1	0	0	1	5	41.24
812	TCCAAAGTTCTGGCCAAGAATGG	chrX:1323836	-	45	0	0	0	2	4	48.43
813	TTTGTTGGCCATGTGATTGAAGG	chrX:1326418	-	40	1	0	0	2	4	47.92
814	AGAGTTCCTGAACGGGCTCACGG	chrX:1326668	-	55	2	0	0	0	9	59.35
815	AGCGGCGATTGCAGCAGCACTGG	chrX:1327470	-	65	0	0	0	2	6	44.88
816	GTGGAAGGGTTGCATGTTCAAGG	chrX:1326145	-	50	2	0	0	0	10	43.17
817	ATGCTGGCTAATGAAGAAAATGG	chrX:1328607	+	35	0	0	0	0	11	46.12
818	GTGGAGGGCGTGGTGGGCGGAGG	chrX:1328874	-	80	0	0	0	0	11	40.82
819	CTTGTGGGTCAGCAGCAGGAGGG	chrX:1323223	+	60	0	0	0	2	16	58.56
820	GCTGCTGGATGTGCTGATGCTGG	chrX:1328591	+	60	0	0	0	2	22	50.19
821	TTGTTGGCCATGTGATTGAAGGG	chrX:1326417	-	40	1	0	0	53	28	51.48